,master_id
60,07ddfcfe-2590-11ea-b1c8-000d3a38a36f
174,75aea3d4-a8fb-11ea-8479-000d3a38a36f
219,d8985be0-ad8c-11e9-a2fc-000d3a38a36f
240,d1f20680-a574-11e9-a2fc-000d3a38a36f
537,f36da15a-183a-11ea-9213-000d3a38a36f
627,dc9bd7cc-2b17-11ea-9d27-000d3a38a36f
647,1c62422a-af70-11e9-a2fc-000d3a38a36f
689,1389a98e-a8b5-11e9-a2fc-000d3a38a36f
855,e87448ce-b117-11e9-9757-000d3a38a36f
916,ef182a8a-5bd3-11ea-88e7-000d3a38a36f
937,ded9c78e-6b80-11ea-9c62-000d3a38a36f
942,29551d80-a102-11e9-a2fc-000d3a38a36f
954,6a8e54bc-abdc-11e9-a2fc-000d3a38a36f
963,09db7a7a-4b12-11ea-a626-000d3a38a36f
1025,2f449182-a825-11ea-aecd-000d3a38a36f
1084,970a7aa6-4a4d-11ea-8533-000d3a38a36f
1203,24bc45b4-001b-11ea-a5e8-000d3a38a36f
1253,23a71a2e-ab74-11e9-a2fc-000d3a38a36f
1304,25e14e82-ad3f-11e9-a2fc-000d3a38a36f
1547,93413dd0-b194-11e9-89fa-000d3a38a36f
1561,83986eee-5b53-11ea-9f22-000d3a38a36f
1747,8ea0c3f8-d634-11e9-93bc-000d3a38a36f
1754,139f04f6-ce92-11ea-a8f0-000d3a38a36f
1797,7f63a12a-7c34-11ea-80af-000d3a38a36f
1950,97213630-afb4-11e9-9757-000d3a38a36f
2082,0b49700a-aab4-11e9-a2fc-000d3a38a36f
2149,24e237de-c4f0-11ea-98f7-000d3a38a36f
2155,79e79b84-3fc0-11eb-806e-000d3a38a36f
2244,20ac349c-1f79-11eb-b272-000d3a38a36f
2299,8f7f03a8-5329-11ea-acd3-000d3a38a36f
2374,d896729e-ac65-11e9-a2fc-000d3a38a36f
2425,8e4d84f8-47c8-11ea-b6c0-000d3a38a36f
2529,d8c823bc-a881-11e9-a2fc-000d3a38a36f
2544,01319a02-5bd5-11ea-a94f-000d3a38a36f
2553,020fdc82-a8d3-11e9-a2fc-000d3a38a36f
2700,240f0de0-22b2-11ea-8523-000d3a38a36f
2851,da8b2ec6-61fc-11ea-8dd8-000d3a38a36f
2860,d8d463fc-aade-11e9-a2fc-000d3a38a36f
2910,e97ceab8-a2d1-11e9-a2fc-000d3a38a36f
2968,06bb3668-a79e-11e9-a2fc-000d3a38a36f
2990,e0a74232-d79f-11e9-93bc-000d3a38a36f
3146,fe1e1d2c-d6e1-11e9-93bc-000d3a38a36f
3197,db6bd93a-4839-11ea-b6c0-000d3a38a36f
3408,095d3f44-a922-11e9-a2fc-000d3a38a36f
3643,7346da70-b0fa-11e9-9757-000d3a38a36f
3719,8cd44b3c-a45f-11e9-a2fc-000d3a38a36f
3810,ea8703be-a5d1-11e9-a2fc-000d3a38a36f
3815,ff84b318-aaec-11e9-a2fc-000d3a38a36f
3895,2b1fe356-615a-11eb-add3-000d3a38a36f
3908,e1f8be08-eae6-11ea-9047-000d3a38a36f
3909,88292512-9ee2-11e9-9897-000d3a38a36f
4003,e51104a0-aa9c-11e9-a2fc-000d3a38a36f
4063,7b6cdb0e-23a1-11ea-8523-000d3a38a36f
4088,7fa47f2a-5bc7-11ea-84c2-000d3a38a36f
4119,f91f4b9e-dd5b-11ea-9c1f-000d3a38a36f
4156,797d6294-876c-11ea-ace9-000d3a38a36f
4168,133da2c6-a8cb-11e9-a2fc-000d3a38a36f
4192,fd209b42-21e7-11ea-9618-000d3a38a36f
4217,2e03824a-b12e-11e9-9757-000d3a38a36f
4449,938e5e20-a51f-11e9-a2fc-000d3a38a36f
4532,fcc3d354-afc2-11e9-9757-000d3a38a36f
4706,ead09ab0-ddd0-11e9-a848-000d3a38a36f
4779,7133cc8a-ad43-11e9-a2fc-000d3a38a36f
4814,6e46e5ce-b019-11e9-9757-000d3a38a36f
4828,86d1cdde-2260-11ea-8523-000d3a38a36f
4916,3031b986-c034-11ea-9c44-000d3a38a36f
5156,f98175f8-a85a-11e9-a2fc-000d3a38a36f
5165,69f4f41c-af73-11e9-a2fc-000d3a38a36f
5203,e8c84d0a-192e-11ea-b6a2-000d3a38a36f
5233,d92f180c-a786-11e9-a2fc-000d3a38a36f
5347,0c7849ac-8bf4-11ea-8ec0-000d3a38a36f
5350,74e176ca-ffbe-11e9-a5e8-000d3a38a36f
5370,219069da-15ef-11ea-aa74-000d3a38a36f
5423,1c216aa4-b0cc-11e9-9757-000d3a38a36f
5476,edd4d1b0-a7fa-11e9-a2fc-000d3a38a36f
5640,790e637a-707f-11ea-8369-000d3a38a36f
5730,d14fdede-fcca-11e9-a5e8-000d3a38a36f
5822,198d6c56-aa33-11e9-a2fc-000d3a38a36f
5831,2035f9ea-a1d4-11e9-a2fc-000d3a38a36f
5842,289c9362-5b2b-11ea-9ddc-000d3a38a36f
5868,ebb8a328-1fe8-11ea-87bf-000d3a38a36f
5976,da63bcfc-719b-11ea-adca-000d3a38a36f
6009,d0def302-b140-11e9-9757-000d3a38a36f
6146,1e2e952a-aa8b-11e9-a2fc-000d3a38a36f
6233,71c0d46a-5b42-11ea-b36b-000d3a38a36f
6242,ddabf9aa-74d5-11ea-92d0-000d3a38a36f
6253,7b08c0e8-a4fc-11e9-a2fc-000d3a38a36f
6300,d31becc0-f5ae-11ea-a533-000d3a38a36f
6343,d6325148-a7fc-11e9-a2fc-000d3a38a36f
6346,e6a0fa26-9d6f-11e9-9897-000d3a38a36f
6469,036d9bda-aa0b-11e9-a2fc-000d3a38a36f
6589,05cf1692-9b82-11ea-a27a-000d3a38a36f
6608,eb77f582-ddc9-11e9-a848-000d3a38a36f
6636,91902386-5b42-11ea-a051-000d3a38a36f
6708,eecf8394-9e45-11e9-9897-000d3a38a36f
6727,e643fc6a-a5cd-11ea-bd63-000d3a38a36f
6756,27310582-6362-11ea-a6dc-000d3a38a36f
6761,ef80c734-1c13-11ea-ac4f-000d3a38a36f
6787,e961661e-1e99-11ea-aa32-000d3a38a36f
6817,10e88152-ad09-11e9-a2fc-000d3a38a36f
6826,e043b572-d719-11e9-93bc-000d3a38a36f
6867,11127778-a7cd-11e9-a2fc-000d3a38a36f
7038,7758e384-a29e-11e9-a2fc-000d3a38a36f
7082,e29eba1c-016f-11ea-a5e8-000d3a38a36f
7138,70533a9a-2d9e-11ea-8e71-000d3a38a36f
7168,320a8ba6-a92f-11e9-a2fc-000d3a38a36f
7210,d9eaa39e-2a56-11ea-99b3-000d3a38a36f
7248,25caf8cc-1846-11ea-9213-000d3a38a36f
7250,d41d102a-a46c-11e9-a2fc-000d3a38a36f
7291,946ba896-a931-11e9-a2fc-000d3a38a36f
7318,ddbff69a-a5a9-11e9-a2fc-000d3a38a36f
7464,ebc33820-adeb-11e9-a2fc-000d3a38a36f
7539,d3c77be2-9cf5-11ea-a27a-000d3a38a36f
7543,e1e875a0-1d10-11eb-8d74-000d3a38a36f
7548,1766bb66-a72d-11e9-a2fc-000d3a38a36f
7565,6861425c-a7bd-11ea-bd63-000d3a38a36f
7587,089c0324-a5a8-11e9-a2fc-000d3a38a36f
7638,8f0dc820-d67c-11e9-93bc-000d3a38a36f
7681,ec61546a-617d-11ea-8dd8-000d3a38a36f
7735,cea61ef6-ad82-11e9-a2fc-000d3a38a36f
7834,1068aa08-fb07-11e9-b138-000d3a38a36f
7850,781c2436-a91d-11e9-a2fc-000d3a38a36f
7855,129577d6-bde2-11ea-aa61-000d3a38a36f
7866,300475b6-9dee-11e9-9897-000d3a38a36f
7977,784a3fb8-a55a-11e9-a2fc-000d3a38a36f
8258,6bb7a2e4-a81c-11e9-a2fc-000d3a38a36f
8273,18189c7c-e153-11e9-957d-000d3a38a36f
8435,6865e832-13a4-11ea-a001-000d3a38a36f
8479,2aa7b810-0186-11eb-9c30-000d3a38a36f
8610,11d2622a-3118-11ea-b884-000d3a38a36f
8751,09e53f46-aa05-11e9-a2fc-000d3a38a36f
8817,94eb61c0-a8bf-11e9-a2fc-000d3a38a36f
8826,75bc0a4a-a840-11e9-a2fc-000d3a38a36f
8997,db23e392-b07b-11e9-9757-000d3a38a36f
9138,f81789aa-ad05-11e9-a2fc-000d3a38a36f
9176,e5fc918a-af34-11e9-a2fc-000d3a38a36f
9372,d6413810-b1f8-11e9-89fa-000d3a38a36f
9403,ef6388b8-ae40-11e9-a2fc-000d3a38a36f
9433,dd8295da-aed1-11e9-a2fc-000d3a38a36f
9618,f7397aea-2076-11ea-87bf-000d3a38a36f
9628,e8d8e7a0-b137-11e9-9757-000d3a38a36f
9664,888c5e54-5bc8-11ea-a77c-000d3a38a36f
9742,da29bd64-a94f-11e9-a2fc-000d3a38a36f
9818,7398b57a-25f3-11ea-8e1c-000d3a38a36f
9831,000c1fe2-a8b7-11ea-8479-000d3a38a36f
9849,1ddd6c9e-ddc7-11e9-a848-000d3a38a36f
9952,728a5a70-3daf-11ea-9e19-000d3a38a36f
10069,ee755cc8-c556-11ea-9dde-000d3a38a36f
10114,6e37fbe2-a265-11ea-9c18-000d3a38a36f
10137,66edb316-2774-11ea-aaaa-000d3a38a36f
10235,f6cd97f6-a9b8-11e9-a2fc-000d3a38a36f
10349,72782922-aa84-11e9-a2fc-000d3a38a36f
10375,d0ce7c0e-ac7f-11e9-a2fc-000d3a38a36f
10455,902435e4-af14-11e9-a2fc-000d3a38a36f
10499,0eba7c66-4ac3-11ea-8533-000d3a38a36f
10517,77570484-97ca-11ea-9d91-000d3a38a36f
10545,e270fd2a-128b-11ea-a001-000d3a38a36f
10707,e4dfcea8-b05f-11e9-9757-000d3a38a36f
10743,f713605c-a700-11e9-a2fc-000d3a38a36f
10877,f848cc78-a552-11e9-a2fc-000d3a38a36f
11081,7aaca06c-b120-11e9-9757-000d3a38a36f
11111,122df0a8-4b53-11eb-806e-000d3a38a36f
11131,090b0230-9d63-11e9-9897-000d3a38a36f
11162,0b2b0e38-b1a5-11e9-89fa-000d3a38a36f
11174,7b21010a-1448-11eb-8ffc-000d3a38a36f
11201,30cff25c-1f9b-11ea-87bf-000d3a38a36f
11212,e8e541d8-a4af-11e9-a2fc-000d3a38a36f
11430,92b2af9e-f99f-11ea-9564-000d3a38a36f
11449,097c3906-2a75-11ea-b3a7-000d3a38a36f
11503,22ec83a0-5b30-11ea-9896-000d3a38a36f
11525,07cf3fe2-bdcb-11ea-aa61-000d3a38a36f
11600,69746c6c-5300-11ea-9ade-000d3a38a36f
11619,1b5261c2-a7ea-11e9-a2fc-000d3a38a36f
11668,fa5ec6d2-a112-11e9-a2fc-000d3a38a36f
12026,03dc5320-a5cb-11e9-a2fc-000d3a38a36f
12094,8ea78c94-5bc0-11ea-ba41-000d3a38a36f
12103,871ab026-467d-11ea-b6c0-000d3a38a36f
12161,e65c7320-a548-11e9-a2fc-000d3a38a36f
12253,71ddcd34-a3cf-11e9-a2fc-000d3a38a36f
12276,93f71c60-5b06-11ea-b53a-000d3a38a36f
12375,e4af57a6-7052-11ea-b40c-000d3a38a36f
12431,17fa0a60-1d3e-11ea-a490-000d3a38a36f
12451,156e5a8a-1b09-11ea-a050-000d3a38a36f
12602,1fc6d59e-9dbd-11e9-9897-000d3a38a36f
12604,6b3c01d6-a8c4-11e9-a2fc-000d3a38a36f
12624,74cea670-5bb8-11ea-a289-000d3a38a36f
12777,d04cd856-aa91-11e9-a2fc-000d3a38a36f
12861,d82156f0-5b22-11ea-ae74-000d3a38a36f
12904,7dbe0eda-1cdc-11ea-a490-000d3a38a36f
12947,095cb97a-2be5-11ea-91ab-000d3a38a36f
12966,0c02f23c-b1a3-11e9-89fa-000d3a38a36f
13063,f88cf3ea-47f4-11ea-b6c0-000d3a38a36f
13088,d451bafe-d6d1-11e9-93bc-000d3a38a36f
13102,e9976946-9e7c-11e9-9897-000d3a38a36f
13310,323db2d8-1a09-11ea-941b-000d3a38a36f
13503,0dd69f56-de16-11e9-957d-000d3a38a36f
13504,df266286-b039-11e9-9757-000d3a38a36f
13670,91c2f92a-6658-11ea-82da-000d3a38a36f
13790,fe7175d4-9e16-11e9-9897-000d3a38a36f
13807,163e1a5c-b10c-11e9-9757-000d3a38a36f
13834,d3da4aca-e831-11e9-8bb8-000d3a38a36f
13962,d76c217e-a9eb-11e9-a2fc-000d3a38a36f
13984,683b0822-b08c-11e9-9757-000d3a38a36f
14009,ffcef388-4dbc-11ea-9655-000d3a38a36f
14065,69584222-ee0a-11e9-9346-000d3a38a36f
14066,f1f379b6-b0a2-11ea-b736-000d3a38a36f
14177,91fb16a4-b1bb-11e9-89fa-000d3a38a36f
14219,6b272a80-dbe6-11ea-a0af-000d3a38a36f
14274,e567539c-9dcb-11e9-9897-000d3a38a36f
14297,6661dc28-d34b-11ea-9838-000d3a38a36f
14343,7f7016de-fd8c-11e9-a5e8-000d3a38a36f
14363,77ef67cc-d6f2-11e9-93bc-000d3a38a36f
14386,2ce23392-d6cd-11e9-93bc-000d3a38a36f
14395,2e9ebbce-5bcf-11ea-8866-000d3a38a36f
14650,f1ae5ae2-d67e-11e9-93bc-000d3a38a36f
14862,12d47896-a484-11e9-a2fc-000d3a38a36f
14872,1f6983c2-b1a3-11e9-89fa-000d3a38a36f
14897,26c43684-ae7a-11e9-a2fc-000d3a38a36f
14900,8d5afcf2-ad2b-11e9-a2fc-000d3a38a36f
14907,93cd4942-9758-11ea-a9c8-000d3a38a36f
14941,8d5e9eb6-460a-11ea-a691-000d3a38a36f
15139,e8a98ad6-5bf1-11ea-b0de-000d3a38a36f
15200,d97069ac-1ee5-11ea-81ff-000d3a38a36f
15315,06984cd4-21f5-11eb-99f8-000d3a38a36f
15334,828ffb72-5bb5-11ea-8d5d-000d3a38a36f
15335,8c04dcd4-a9b5-11e9-a2fc-000d3a38a36f
15347,f03b1df6-aab6-11e9-a2fc-000d3a38a36f
15371,e0ec5046-5b31-11ea-9770-000d3a38a36f
15392,cea000ca-29ce-11ea-87cc-000d3a38a36f
15432,fae1945a-f679-11ea-a533-000d3a38a36f
15433,d3f13564-395d-11ea-85d6-000d3a38a36f
15579,8319371c-1fd2-11ea-87bf-000d3a38a36f
15670,0dab5316-b394-11e9-a043-000d3a38a36f
15724,03bcfdfe-b0c0-11e9-9757-000d3a38a36f
15750,dea3c748-ac85-11e9-a2fc-000d3a38a36f
15762,02ce0744-1370-11eb-8ffc-000d3a38a36f
15830,6e646040-9ecb-11e9-9897-000d3a38a36f
15974,2c8ee2a2-ff39-11e9-a5e8-000d3a38a36f
15993,70f0fd00-aaf6-11e9-a2fc-000d3a38a36f
16179,06f89886-74f9-11ea-bb48-000d3a38a36f
16319,d3135412-b12f-11e9-9757-000d3a38a36f
16332,2d60d5ca-740c-11eb-b789-000d3a38a36f
16335,f24f6988-acd9-11e9-a2fc-000d3a38a36f
16366,f5b61994-9dd6-11e9-9897-000d3a38a36f
16623,0e711cf0-fbfe-11ea-9564-000d3a38a36f
16664,d516e530-287b-11ea-b87a-000d3a38a36f
16764,29f9273e-ecf3-11ea-9369-000d3a38a36f
16821,ddc1fa66-afb9-11e9-9757-000d3a38a36f
16974,d6ff50e6-a813-11e9-a2fc-000d3a38a36f
17030,e404e80e-ff26-11e9-a5e8-000d3a38a36f
17287,8fd4e1be-b0a5-11e9-9757-000d3a38a36f
17323,f59053e2-a503-11e9-a2fc-000d3a38a36f
17357,f8b04ba4-5bce-11ea-ba31-000d3a38a36f
17414,2e48b8fe-4ad6-11eb-806e-000d3a38a36f
17472,167c68dc-adf3-11e9-a2fc-000d3a38a36f
17476,84cf8c9a-5bd8-11ea-bca4-000d3a38a36f
17631,8ae45166-ab33-11e9-a2fc-000d3a38a36f
17687,db16f9ae-a881-11e9-a2fc-000d3a38a36f
17817,00016786-2f5a-11ea-bb80-000d3a38a36f
17925,ec6adcb0-d6ae-11e9-93bc-000d3a38a36f
17963,8fd88976-6708-11ea-9d38-000d3a38a36f
17973,f10e6f04-acd5-11ea-b736-000d3a38a36f
18038,d4d0713e-a8d5-11e9-a2fc-000d3a38a36f
18067,695889b4-d6ed-11e9-93bc-000d3a38a36f
18076,1631fa66-9f7c-11e9-a2fc-000d3a38a36f
18098,864698dc-a3ac-11e9-a2fc-000d3a38a36f
18181,981959e0-4592-11ea-acaf-000d3a38a36f
18251,fec0e988-1cac-11ea-a490-000d3a38a36f
18279,dcb61df0-a9ec-11e9-a2fc-000d3a38a36f
18329,d756a7ee-20a7-11ea-97c9-000d3a38a36f
18342,9771e914-9f73-11e9-a2fc-000d3a38a36f
18431,12e97a0c-120c-11ea-916f-000d3a38a36f
18473,325a829c-ce53-11ea-b31f-000d3a38a36f
18489,71d6a658-a154-11e9-a2fc-000d3a38a36f
18506,11e7ac36-eef3-11ea-b13a-000d3a38a36f
18551,6a378636-9b9c-11ea-a27a-000d3a38a36f
18556,f6de2bd0-a36d-11e9-a2fc-000d3a38a36f
18587,d9d7ef6c-4624-11ea-b6c0-000d3a38a36f
18591,6c0d6b08-a389-11e9-a2fc-000d3a38a36f
18652,9335e6e2-7281-11eb-aa44-000d3a38a36f
18893,7e6d1820-1fdf-11ea-87bf-000d3a38a36f
18930,82e485e0-a5a6-11e9-a2fc-000d3a38a36f
18991,69bfebe0-ad58-11e9-a2fc-000d3a38a36f
19021,98928afc-2465-11ea-a30f-000d3a38a36f
19069,e0a81e8e-6159-11ea-8dd8-000d3a38a36f
19076,1f06689a-48df-11ea-b6c0-000d3a38a36f
19231,8e64c9d4-7a99-11ea-8f20-000d3a38a36f
19263,075aefe8-a95e-11e9-a2fc-000d3a38a36f
19409,ddea650c-ac97-11e9-a2fc-000d3a38a36f
19416,d1c0ba24-1ec0-11ea-aa32-000d3a38a36f
19504,e29a3fec-f7d7-11e9-841e-000d3a38a36f
19527,70d98916-1f2e-11ea-87bf-000d3a38a36f
19532,dd17f722-b109-11e9-9757-000d3a38a36f
19573,151f181c-b033-11e9-9757-000d3a38a36f
19578,21088bce-b108-11e9-9757-000d3a38a36f
19641,2eede708-5bed-11ea-a641-000d3a38a36f
19716,8ff632e0-a166-11e9-a2fc-000d3a38a36f
19728,ec112e84-ae01-11e9-a2fc-000d3a38a36f
19776,e2b71cc4-b039-11e9-9757-000d3a38a36f
19792,8b110776-aeb5-11e9-a2fc-000d3a38a36f
19856,07bcae98-a81b-11e9-a2fc-000d3a38a36f
